Annual Salary,Car Purchase Amount
62812.09301,35321.45877
66646.89292,45115.52566
53798.55112,42925.70921
79370.03798,67422.36313
59729.1513,55915.46248
68499.85162,56611.99784
39814.522,28925.70549
51752.23445,47434.98265
58139.2591,48013.6141
53457.10132,38189.50601
73348.70745,59045.51309
55421.65733,42288.81046
37336.3383,28700.0334
68304.47298,49258.87571
72776.00382,49510.03356
